Name,Family
Animus,Animus
Animus - Aberration,Animus
Animus - Dragon,Animus
Animus - Elemental,Animus
Animus - Fiend,Animus
Animus - Fire Giant,Animus
Animus - Fractal Lepidoptera,Animus
Animus - From a creature that deals Lightning damage,Animus
Animus - From a creature that has the Shapechanger trait,Animus
Animus - Frost Giant,Animus
Animus - Giant,Animus
Animus - Harpy,Animus
Animus - Monstrosity,Animus
Animus - Plant,Animus
Animus - Sanguine Witch,Animus
Animus - The Algorithm,Animus
Animus - Troll,Animus
Animus - Undead,Animus
Animus - Wraith,Animus
Bones,Bones
Bones - Aberration,Bones
Bones - Dragon,Bones
Bones - Dryad,Bones
Bones - Giant,Bones
Bones - Ribs,Bones
Bones - Ribs from a Monstrosity,Bones
Bones - Ribs from Aberration,Bones
Bones - Skull,Bones
Bones - Skull from a Giant,Bones
Bones - Skull from a Monstrosity,Bones
Bones - Skull from a Troll,Bones
Bones - Skull from Aberration,Bones
Bones - Spine,Bones
Bones - Spine from a Monstrosity,Bones
Bones - Spine from Aberration,Bones
Bones - Trolls,Bones
Bones - Undead,Bones
Dust,Dust
Dust  - Vampire,Dust
Dust - Aberration,Dust
Dust - Celestial,Dust
Dust - Dragon,Dust
Dust - Elemental,Dust
Dust - Entropic Flame,Dust
Dust - Fey,Dust
Dust - Fiend,Dust
Dust - Plant,Dust
Dust - Troll,Dust
Dust - Undead,Dust
Fluid,Fluid
Fluid - Acidic Bile,Fluid
Fluid - Chemical Solution,Fluid
Fluid - Chemical Solution from a Construct,Fluid
Fluid - Contaminated Ichor,Fluid
Fluid - Contaminated Ichor from a Far Dweller,Fluid
Fluid - Ectoplasm,Fluid
Fluid - Elemental,Fluid
Fluid - Goopy Ooze,Fluid
Fluid - Monster Blood,Fluid
Fluid - Monster Blood from a Dragon,Fluid
Fluid - Monster Blood from a Fey,Fluid
Fluid - Monster Blood from a Giant,Fluid
Fluid - Monster Blood from a Harpy,Fluid
Fluid - Monster Blood from a Monstrosity,Fluid
Fluid - Monster Blood from a Troll,Fluid
Fluid - Monster Blood from a Vampire,Fluid
Fluid - Monster Blood from an Aberration,Fluid
Fluid - Monster Blood from an Undead,Fluid
Fluid - Mucus,Fluid
Fluid - Mucus from a Mimic,Fluid
Fluid - Sap,Fluid
Fluid - Venom,Fluid
Hair,Hair
Hair - Banshee,Hair
Hair - Celestial,Hair
Hair - Feathers from a Harpy,Hair
Hair - Fey,Hair
Hair - Fiend,Hair
Hair - Fur from a Garmyr,Hair
Hair - Fur from a Monstrosity,Hair
Hair - Fur from a Ratling,Hair
Hair - Leaves,Hair
Hair - Stiches,Hair
Hair - Undead,Hair
Hide,Hide
Hide - Bark,Hide
Hide - Plates,Hide
Hide - Plates from a Construct,Hide
Hide - Scales,Hide
Hide - Scales from a Blue Dragon,Hide
Hide - Scales from a Bronze Dragon,Hide
Hide - Scales from a Dragon,Hide
Hide - Skin,Hide
Hide - Skin from a Beast,Hide
Hide - Skin from a Fey,Hide
Hide - Skin from a Fiend,Hide
Hide - Skin from a Monstrosity,Hide
Hide - Skin from a Ratling,Hide
Hide - Skin from a Troll,Hide
Hide - Skin from an Aberration,Hide
Hide - Webbed Membrane,Hide
Natural Weapon,Natural Weapon
Natural Weapon - Blade from a Reautomata,Natural Weapon
Natural Weapon - Blades from a Ripper,Natural Weapon
Natural Weapon - Claws,Natural Weapon
Natural Weapon - Claws from a Harpy,Natural Weapon
Natural Weapon - Claws from a Ratling,Natural Weapon
Natural Weapon - Horns from a Dragon,Natural Weapon
Natural Weapon - Horns from a Fey,Natural Weapon
Natural Weapon - Horns from a Fiend,Natural Weapon
Natural Weapon - Horns from a Monstrosity,Natural Weapon
Natural Weapon - Mandibles,Natural Weapon
Natural Weapon - Needles,Natural Weapon
Natural Weapon - Needles from an Injector,Natural Weapon
Natural Weapon - Spores,Natural Weapon
Natural Weapon - Teeth,Natural Weapon
Natural Weapon - Teeth from a Beast,Natural Weapon
Natural Weapon - Teeth from a Dragon,Natural Weapon
Natural Weapon - Teeth from a Fey,Natural Weapon
Natural Weapon - Teeth from a Giant,Natural Weapon
Natural Weapon - Teeth from a Monstrosity,Natural Weapon
Natural Weapon - Teeth from a Vampire,Natural Weapon
Natural Weapon - Tentacles from a Warp Marauder,Natural Weapon
Natural Weapon - Tentacles from an Aberration,Natural Weapon
Organ,Organ
Organ - Aberration,Organ
Organ - Brain from an Aberration,Organ
Organ - Eldritch Lily,Organ
Organ - Eye from a Construct,Organ
Organ - Eye from a Dragon,Organ
Organ - Eye from a Troll,Organ
Organ - Flesh from a Doppelganger,Organ
Organ - Flesh from a Dragon,Organ
Organ - Flower,Organ
Organ - Glands,Organ
Organ - Glands from a Dragon,Organ
Organ - Guts from a Monstrosity,Organ
Organ - Heart from a Dragon,Organ
Organ - Heart from a Fiend,Organ
Organ - Heart from a Gorgon,Organ
Organ - Heart from a monster immune to Cold damage,Organ
Organ - Heart from a Red Dragon,Organ
Organ - Heart from a Silver Dragon,Organ
Organ - Heart from a White Dragon,Organ
Organ - Heart from a Winter Troll,Organ
